{
  "ekf": {
    "MAE": 0.21935644441934232,
    "RMSE": 0.26267224746587786,
    "max_error": 0.8759887679275066,
    "final_error": 0.07944696356715586,
    "impact_error": 0.1612583245614744
  },
  "pf": {
    "MAE": 0.21483234966069462,
    "RMSE": 0.2557406556292646,
    "max_error": 0.7335812484308432,
    "final_error": 0.09831525901167674,
    "impact_error": 0.14873382058886397
  },
  "imm": {
    "MAE": 0.22562354852494337,
    "RMSE": 0.2676507626477029,
    "max_error": 0.8894659555427553,
    "final_error": 0.07509593586314765,
    "impact_error": 0.17536343965198534
  },
  "monte_carlo": {
    "ekf_mean": 0.24777792928038628,
    "ekf_std": 0.13305446687545439,
    "pf_mean": 0.20997365114440164,
    "pf_std": 0.1403456288191731,
    "imm_mean": 0.18395014921540254,
    "imm_std": 0.1161591450604564,
    "num_runs": 50
  }
}