{
  "ekf": {
    "MAE": 0.2740740634726638,
    "RMSE": 0.31310273397032784,
    "max_error": 0.8653452313562511,
    "final_error": 0.23650443479109617,
    "impact_error": 0.1415263988417797
  },
  "pf": {
    "MAE": 0.28561048626596086,
    "RMSE": 0.3239977859526961,
    "max_error": 0.8415585828848063,
    "final_error": 0.28232167518792933,
    "impact_error": 0.14809846090066858
  },
  "imm": {
    "MAE": 0.2791096072357227,
    "RMSE": 0.3205258866609646,
    "max_error": 0.8711379756556764,
    "final_error": 0.23854726562029702
  },
  "monte_carlo": {
    "ekf_mean": 0.2792476293395161,
    "ekf_std": 0.1621532398059719,
    "pf_mean": 0.2970505931030197,
    "pf_std": 0.14316250844460157,
    "imm_mean": 0.21349447452364492,
    "imm_std": 0.1299894346205884,
    "num_runs": 50
  }
}