{
  "ekf": {
    "MAE": 0.120370088037741,
    "RMSE": 0.25322950206873396,
    "max_error": 1.348534211192477,
    "final_error": 1.348534211192477,
    "impact_error": 0.04992740061967228
  },
  "pf": {
    "MAE": 0.26364410335501354,
    "RMSE": 0.7152913354811334,
    "max_error": 3.981096285107927,
    "final_error": 3.981096285107927,
    "impact_error": 0.013310612270442237
  },
  "monte_carlo": {
    "ekf_mean": 0.04732587627216281,
    "ekf_std": 0.02637062254693844,
    "pf_mean": 0.04489614102152992,
    "pf_std": 0.02718505575005962,
    "num_runs": 50
  }
}