{
  "ekf": {
    "MAE": 0.2747067987173003,
    "RMSE": 0.3431144640120981,
    "max_error": 1.1634680108346804,
    "final_error": 1.1634680108346804,
    "impact_error": 0.059710193095646125
  },
  "pf": {
    "MAE": 0.36763320074306227,
    "RMSE": 0.6259844625240566,
    "max_error": 3.213232143247383,
    "final_error": 3.213232143247383,
    "impact_error": 0.0654473227337166
  }
}