{
  "ekf": {
    "MAE": 0.06583660636871456,
    "RMSE": 0.08592027059347913,
    "max_error": 0.33288324922108314,
    "final_error": 0.03358523447905439,
    "impact_error": 0.10815316807675356
  },
  "pf": {
    "MAE": 0.08353219631190811,
    "RMSE": 0.10958673063669785,
    "max_error": 0.5066366008814729,
    "final_error": 0.06714457621972383,
    "impact_error": 0.06821909840442213
  },
  "imm": {
    "MAE": 0.06626704498165092,
    "RMSE": 0.08651945367692832,
    "max_error": 0.3374557725117835,
    "final_error": 0.033520021179026055,
    "impact_error": 0.10862157424622272
  },
  "monte_carlo": {
    "ekf_mean": 0.04744876284192265,
    "ekf_std": 0.029916611224392133,
    "pf_mean": 0.06286318741449508,
    "pf_std": 0.04064152917673641,
    "imm_mean": 0.053706629169975664,
    "imm_std": 0.026173361019553656,
    "num_runs": 50
  }
}