{
  "ekf": {
    "MAE": 0.12136046686095565,
    "RMSE": 0.25413168704759015,
    "max_error": 1.3495944789129053,
    "final_error": 1.3495944789129053,
    "impact_error": 0.0399195829205445
  },
  "pf": {
    "MAE": 0.32540212134733115,
    "RMSE": 0.9790175216886913,
    "max_error": 5.53344481372685,
    "final_error": 5.53344481372685,
    "impact_error": 0.08105999623513878
  },
  "monte_carlo": {
    "ekf_mean": 0.03949919657395287,
    "ekf_std": 0.02175573140462603,
    "pf_mean": 0.05545111102331989,
    "pf_std": 0.030315225015650444,
    "num_runs": 50
  }
}