{
  "ekf": {
    "MAE": 0.2657972793130751,
    "RMSE": 0.31321920904956874,
    "max_error": 1.1471796060170782,
    "final_error": 0.22253753604806356,
    "impact_error": 0.3479727369744945
  },
  "pf": {
    "MAE": 0.2801281192337911,
    "RMSE": 0.3316946506272657,
    "max_error": 1.284939352026402,
    "final_error": 0.24345150983829028,
    "impact_error": 0.4221924775101487
  },
  "imm": {
    "MAE": 0.26901394294824904,
    "RMSE": 0.3182126553430556,
    "max_error": 1.1760044398720824,
    "final_error": 0.22406479367842405,
    "impact_error": 0.351199135608697
  }
}