{
  "ekf": {
    "MAE": 0.10411596054196262,
    "RMSE": 0.12240079051752675,
    "max_error": 0.33878605305178533,
    "final_error": 0.05740029027220431,
    "impact_error": 0.04737020263944529
  },
  "pf": {
    "MAE": 0.15694391046593603,
    "RMSE": 0.17845525902679701,
    "max_error": 0.4664156716001744,
    "final_error": 0.08324477072857035,
    "impact_error": 0.0058751069693751615
  },
  "imm": {
    "MAE": 0.113227136369192,
    "RMSE": 0.13173947983912435,
    "max_error": 0.3441739056356151,
    "final_error": 0.05755018231019244
  },
  "monte_carlo": {
    "ekf_mean": 0.11539384401467652,
    "ekf_std": 0.039760909860697635,
    "pf_mean": 0.18048329584303108,
    "pf_std": 0.06236449758245186,
    "imm_mean": 0.059120551505724664,
    "imm_std": 0.029414788309841886,
    "num_runs": 50
  }
}