{
  "ekf": {
    "MAE": 0.15057087099104066,
    "RMSE": 0.2556094679139508,
    "max_error": 1.3034447073740196,
    "final_error": 1.3034447073740196,
    "impact_error": 0.1509188155070372
  },
  "pf": {
    "MAE": 0.3563939728366357,
    "RMSE": 0.8246727471573154,
    "max_error": 4.536477023443525,
    "final_error": 4.536477023443525,
    "impact_error": 0.39264470997947915
  },
  "monte_carlo": {
    "ekf_mean": 0.10551609303923926,
    "ekf_std": 0.029180760290029327,
    "pf_mean": 0.17294432036915686,
    "pf_std": 0.08806838014700033,
    "num_runs": 50
  }
}